2015-09-15 16:46:28-07:00,https://gateway.ipfs.io/ipfs/QmcxpufBc5akseZVHC9h5fmoa98ejkrDX8jSMZpVYubX5u
2015-09-15 16:47:56-07:00,https://gateway.ipfs.io/ipfs/QmRQAVjrMm6KZZhBGDG76LC7AEfQevVvgGUK6vA6SJMX69
2015-09-15 16:51:44-07:00,https://gateway.ipfs.io/ipfs/QmS6HYxAbKgxeXixuxvhcDzfAtUsEemxHAmffsHXoERj3x
2015-09-16 10:22:48-07:00,https://gateway.ipfs.io/ipfs/QmbsgEcJJqnyFscuB6eGEXwZHZDgyGcvR9F5kA4Kzp1LTL
2015-09-16 15:47:03-07:00,https://gateway.ipfs.io/ipfs/QmdPtC3T7Kcu9iJg6hYzLBWR5XCDcYMY7HV685E3kH3EcS
2015-09-30 18:47:40-07:00,https://gateway.ipfs.io/ipfs/QmfRTcQXhtaQ55tJRTvbNceoDkUdNrRjEgzZLcE29qHdjh
2015-10-20 14:24:15-07:00,https://gateway.ipfs.io/ipfs/QmdMdksbg2Vm1EQCcMBZg9MaFk1ZpsSxEZrhQGZzP9yytC
2015-10-20 14:55:11-07:00,https://gateway.ipfs.io/ipfs/QmVYEZi5tzQZPJJvQRzu7RMizoRivtxunWDi8cQAymg3Ei
2015-10-20 14:57:51-07:00,https://gateway.ipfs.io/ipfs/QmXFdXjuiZ28chj2KUYJkXjn6AdcP13kLhCejEow697XP8
2015-10-20 16:10:54-07:00,https://gateway.ipfs.io/ipfs/QmeZDvjJpuaRXvzGeXpLn8AUNXiJtotKGLmbLwV8gVcMgb
2015-10-20 16:13:02-07:00,https://gateway.ipfs.io/ipfs/QmXSACVxkS75FRH9ErhgsT7hmop5VWDc6hzauCdHeQHmG6
2015-10-20 17:17:02-07:00,https://gateway.ipfs.io/ipfs/QmXWPa2g2Hgf8cETJmMpWK9uCsPkbN7cJbfVdTH5YRJZYj
2015-10-20 17:20:39-07:00,https://gateway.ipfs.io/ipfs/QmPA4LXJSXZQj58nkTKRVV4hYktSibUqR9mMnX8y8hM6Ys
2015-10-20 17:25:19-07:00,https://gateway.ipfs.io/ipfs/QmcZd8Ngduts3G2RKv4RY4qv8uB1zqMcJYjvANDUWEdXtf
2015-10-20 17:30:19-07:00,https://gateway.ipfs.io/ipfs/QmXkEQ5GfAhoxSwD4rXH7LtUkau5Ns9kh3Y89jigcT6cJM
2015-10-20 17:34:34-07:00,https://gateway.ipfs.io/ipfs/QmcNwJCRLFaQzx43SGzgDB6xPrBhDMSrokLAk16AWucMB4
2015-10-22 10:21:28-07:00,https://gateway.ipfs.io/ipfs/QmdbTWwFJAqK8QfhX2kwg2eVcQqv9XGfqX855LwSZR7EoD
